u,xi_pi,alpha_c,beta_c,physical
6.666666666667e-01,3.333333333333e-01,1.481481481481e-01,0.000000000000e+00,1.000000000000e+00
6.670008354219e-01,3.329991645781e-01,1.479250338784e-01,9.921163605938e-05,1.000000000000e+00
6.673350041771e-01,3.326649958229e-01,1.477012490364e-01,1.988212128755e-04,1.000000000000e+00
6.676691729323e-01,3.323308270677e-01,1.474767930624e-01,2.988296278340e-04,1.000000000000e+00
6.680033416876e-01,3.319966583124e-01,1.472516653966e-01,3.992377795191e-04,1.000000000000e+00
6.683375104428e-01,3.316624895572e-01,1.470258654793e-01,5.000465677144e-04,1.000000000000e+00
6.686716791980e-01,3.313283208020e-01,1.467993927508e-01,6.012568934037e-04,1.000000000000e+00
6.690058479532e-01,3.309941520468e-01,1.465722466512e-01,7.028696587715e-04,1.000000000000e+00
6.693400167084e-01,3.306599832916e-01,1.463444266209e-01,8.048857672040e-04,1.000000000000e+00
6.696741854637e-01,3.303258145363e-01,1.461159321001e-01,9.073061232899e-04,1.000000000000e+00
6.700083542189e-01,3.299916457811e-01,1.458867625291e-01,1.010131632821e-03,1.000000000000e+00
6.703425229741e-01,3.296574770259e-01,1.456569173481e-01,1.113363202792e-03,1.000000000000e+00
6.706766917293e-01,3.293233082707e-01,1.454263959973e-01,1.217001741404e-03,1.000000000000e+00
6.710108604845e-01,3.289891395155e-01,1.451951979172e-01,1.321048158062e-03,1.000000000000e+00
6.713450292398e-01,3.286549707602e-01,1.449633225478e-01,1.425503363377e-03,1.000000000000e+00
6.716791979950e-01,3.283208020050e-01,1.447307693295e-01,1.530368269169e-03,1.000000000000e+00
6.720133667502e-01,3.279866332498e-01,1.444975377025e-01,1.635643788463e-03,1.000000000000e+00
6.723475355054e-01,3.276524644946e-01,1.442636271070e-01,1.741330835494e-03,1.000000000000e+00
6.726817042607e-01,3.273182957393e-01,1.440290369834e-01,1.847430325705e-03,1.000000000000e+00
6.730158730159e-01,3.269841269841e-01,1.437937667718e-01,1.953943175750e-03,1.000000000000e+00
6.733500417711e-01,3.266499582289e-01,1.435578159126e-01,2.060870303493e-03,1.000000000000e+00
6.736842105263e-01,3.263157894737e-01,1.433211838460e-01,2.168212628009e-03,1.000000000000e+00
6.740183792815e-01,3.259816207185e-01,1.430838700123e-01,2.275971069585e-03,1.000000000000e+00
6.743525480368e-01,3.256474519632e-01,1.428458738516e-01,2.384146549723e-03,1.000000000000e+00
6.746867167920e-01,3.253132832080e-01,1.426071948044e-01,2.492739991136e-03,1.000000000000e+00
6.750208855472e-01,3.249791144528e-01,1.423678323107e-01,2.601752317752e-03,1.000000000000e+00
6.753550543024e-01,3.246449456976e-01,1.421277858109e-01,2.711184454715e-03,1.000000000000e+00
6.756892230576e-01,3.243107769424e-01,1.418870547453e-01,2.821037328384e-03,1.000000000000e+00
6.760233918129e-01,3.239766081871e-01,1.416456385541e-01,2.931311866336e-03,1.000000000000e+00
6.763575605681e-01,3.236424394319e-01,1.414035366775e-01,3.042008997362e-03,1.000000000000e+00
6.766917293233e-01,3.233082706767e-01,1.411607485558e-01,3.153129651476e-03,1.000000000000e+00
6.770258980785e-01,3.229741019215e-01,1.409172736292e-01,3.264674759907e-03,1.000000000000e+00
6.773600668338e-01,3.226399331662e-01,1.406731113381e-01,3.376645255105e-03,1.000000000000e+00
6.776942355890e-01,3.223057644110e-01,1.404282611227e-01,3.489042070741e-03,1.000000000000e+00
6.780284043442e-01,3.219715956558e-01,1.401827224232e-01,3.601866141705e-03,1.000000000000e+00
6.783625730994e-01,3.216374269006e-01,1.399364946799e-01,3.715118404111e-03,1.000000000000e+00
6.786967418546e-01,3.213032581454e-01,1.396895773331e-01,3.828799795294e-03,1.000000000000e+00
6.790309106099e-01,3.209690893901e-01,1.394419698229e-01,3.942911253815e-03,1.000000000000e+00
6.793650793651e-01,3.206349206349e-01,1.391936715897e-01,4.057453719457e-03,1.000000000000e+00
6.796992481203e-01,3.203007518797e-01,1.389446820738e-01,4.172428133226e-03,1.000000000000e+00
6.800334168755e-01,3.199665831245e-01,1.386950007153e-01,4.287835437359e-03,1.000000000000e+00
6.803675856307e-01,3.196324143693e-01,1.384446269545e-01,4.403676575313e-03,1.000000000000e+00
6.807017543860e-01,3.192982456140e-01,1.381935602318e-01,4.519952491778e-03,1.000000000000e+00
6.810359231412e-01,3.189640768588e-01,1.379417999872e-01,4.636664132667e-03,1.000000000000e+00
6.813700918964e-01,3.186299081036e-01,1.376893456612e-01,4.753812445125e-03,1.000000000000e+00
6.817042606516e-01,3.182957393484e-01,1.374361966940e-01,4.871398377525e-03,1.000000000000e+00
6.820384294069e-01,3.179615705931e-01,1.371823525257e-01,4.989422879471e-03,1.000000000000e+00
6.823725981621e-01,3.176274018379e-01,1.369278125967e-01,5.107886901795e-03,1.000000000000e+00
6.827067669173e-01,3.172932330827e-01,1.366725763473e-01,5.226791396565e-03,1.000000000000e+00
6.830409356725e-01,3.169590643275e-01,1.364166432177e-01,5.346137317077e-03,1.000000000000e+00
6.833751044277e-01,3.166248955723e-01,1.361600126480e-01,5.465925617864e-03,1.000000000000e+00
6.837092731830e-01,3.162907268170e-01,1.359026840787e-01,5.586157254690e-03,1.000000000000e+00
6.840434419382e-01,3.159565580618e-01,1.356446569500e-01,5.706833184555e-03,1.000000000000e+00
6.843776106934e-01,3.156223893066e-01,1.353859307021e-01,5.827954365694e-03,1.000000000000e+00
6.847117794486e-01,3.152882205514e-01,1.351265047752e-01,5.949521757578e-03,1.000000000000e+00
6.850459482038e-01,3.149540517962e-01,1.348663786097e-01,6.071536320916e-03,1.000000000000e+00
6.853801169591e-01,3.146198830409e-01,1.346055516457e-01,6.193999017652e-03,1.000000000000e+00
6.857142857143e-01,3.142857142857e-01,1.343440233236e-01,6.316910810972e-03,1.000000000000e+00
6.860484544695e-01,3.139515455305e-01,1.340817930836e-01,6.440272665297e-03,1.000000000000e+00
6.863826232247e-01,3.136173767753e-01,1.338188603660e-01,6.564085546291e-03,1.000000000000e+00
6.867167919799e-01,3.132832080201e-01,1.335552246109e-01,6.688350420859e-03,1.000000000000e+00
6.870509607352e-01,3.129490392648e-01,1.332908852588e-01,6.813068257143e-03,1.000000000000e+00
6.873851294904e-01,3.126148705096e-01,1.330258417497e-01,6.938240024533e-03,1.000000000000e+00
6.877192982456e-01,3.122807017544e-01,1.327600935241e-01,7.063866693657e-03,1.000000000000e+00
6.880534670008e-01,3.119465329992e-01,1.324936400220e-01,7.189949236389e-03,1.000000000000e+00
6.883876357561e-01,3.116123642439e-01,1.322264806839e-01,7.316488625847e-03,1.000000000000e+00
6.887218045113e-01,3.112781954887e-01,1.319586149499e-01,7.443485836395e-03,1.000000000000e+00
6.890559732665e-01,3.109440267335e-01,1.316900422604e-01,7.570941843640e-03,1.000000000000e+00
6.893901420217e-01,3.106098579783e-01,1.314207620555e-01,7.698857624440e-03,1.000000000000e+00
6.897243107769e-01,3.102756892231e-01,1.311507737755e-01,7.827234156896e-03,1.000000000000e+00
6.900584795322e-01,3.099415204678e-01,1.308800768608e-01,7.956072420359e-03,1.000000000000e+00
6.903926482874e-01,3.096073517126e-01,1.306086707514e-01,8.085373395430e-03,1.000000000000e+00
6.907268170426e-01,3.092731829574e-01,1.303365548878e-01,8.215138063958e-03,1.000000000000e+00
6.910609857978e-01,3.089390142022e-01,1.300637287101e-01,8.345367409043e-03,1.000000000000e+00
6.913951545530e-01,3.086048454470e-01,1.297901916586e-01,8.476062415035e-03,1.000000000000e+00
6.917293233083e-01,3.082706766917e-01,1.295159431736e-01,8.607224067539e-03,1.000000000000e+00
6.920634920635e-01,3.079365079365e-01,1.292409826953e-01,8.738853353408e-03,1.000000000000e+00
6.923976608187e-01,3.076023391813e-01,1.289653096639e-01,8.870951260752e-03,1.000000000000e+00
6.927318295739e-01,3.072681704261e-01,1.286889235198e-01,9.003518778934e-03,1.000000000000e+00
6.930659983292e-01,3.069340016708e-01,1.284118237033e-01,9.136556898572e-03,1.000000000000e+00
6.934001670844e-01,3.065998329156e-01,1.281340096544e-01,9.270066611539e-03,1.000000000000e+00
6.937343358396e-01,3.062656641604e-01,1.278554808136e-01,9.404048910965e-03,1.000000000000e+00
6.940685045948e-01,3.059314954052e-01,1.275762366210e-01,9.538504791237e-03,1.000000000000e+00
6.944026733500e-01,3.055973266500e-01,1.272962765170e-01,9.673435247999e-03,1.000000000000e+00
6.947368421053e-01,3.052631578947e-01,1.270155999417e-01,9.808841278156e-03,1.000000000000e+00
6.950710108605e-01,3.049289891395e-01,1.267342063354e-01,9.944723879869e-03,1.000000000000e+00
6.954051796157e-01,3.045948203843e-01,1.264520951385e-01,1.008108405256e-02,1.000000000000e+00
6.957393483709e-01,3.042606516291e-01,1.261692657911e-01,1.021792279692e-02,1.000000000000e+00
6.960735171261e-01,3.039264828739e-01,1.258857177335e-01,1.035524111488e-02,1.000000000000e+00
6.964076858814e-01,3.035923141186e-01,1.256014504060e-01,1.049304000967e-02,1.000000000000e+00
6.967418546366e-01,3.032581453634e-01,1.253164632487e-01,1.063132048573e-02,1.000000000000e+00
6.970760233918e-01,3.029239766082e-01,1.250307557021e-01,1.077008354883e-02,1.000000000000e+00
6.974101921470e-01,3.025898078530e-01,1.247443272063e-01,1.090933020594e-02,1.000000000000e+00
6.977443609023e-01,3.022556390977e-01,1.244571772016e-01,1.104906146534e-02,1.000000000000e+00
6.980785296575e-01,3.019214703425e-01,1.241693051282e-01,1.118927833655e-02,1.000000000000e+00
6.984126984127e-01,3.015873015873e-01,1.238807104264e-01,1.132998183038e-02,1.000000000000e+00
6.987468671679e-01,3.012531328321e-01,1.235913925365e-01,1.147117295890e-02,1.000000000000e+00
6.990810359231e-01,3.009189640769e-01,1.233013508987e-01,1.161285273542e-02,1.000000000000e+00
6.994152046784e-01,3.005847953216e-01,1.230105849533e-01,1.175502217456e-02,1.000000000000e+00
6.997493734336e-01,3.002506265664e-01,1.227190941405e-01,1.189768229219e-02,1.000000000000e+00
7.000835421888e-01,2.999164578112e-01,1.224268779006e-01,1.204083410545e-02,1.000000000000e+00
7.004177109440e-01,2.995822890560e-01,1.221339356739e-01,1.218447863276e-02,1.000000000000e+00
7.007518796992e-01,2.992481203008e-01,1.218402669005e-01,1.232861689381e-02,1.000000000000e+00
7.010860484545e-01,2.989139515455e-01,1.215458710208e-01,1.247324990954e-02,1.000000000000e+00
7.014202172097e-01,2.985797827903e-01,1.212507474750e-01,1.261837870221e-02,1.000000000000e+00
7.017543859649e-01,2.982456140351e-01,1.209548957034e-01,1.276400429531e-02,1.000000000000e+00
7.020885547201e-01,2.979114452799e-01,1.206583151462e-01,1.291012771362e-02,1.000000000000e+00
7.024227234754e-01,2.975772765246e-01,1.203610052437e-01,1.305674998321e-02,1.000000000000e+00
7.027568922306e-01,2.972431077694e-01,1.200629654362e-01,1.320387213142e-02,1.000000000000e+00
7.030910609858e-01,2.969089390142e-01,1.197641951638e-01,1.335149518684e-02,1.000000000000e+00
7.034252297410e-01,2.965747702590e-01,1.194646938669e-01,1.349962017938e-02,1.000000000000e+00
7.037593984962e-01,2.962406015038e-01,1.191644609857e-01,1.364824814021e-02,1.000000000000e+00
7.040935672515e-01,2.959064327485e-01,1.188634959605e-01,1.379738010176e-02,1.000000000000e+00
7.044277360067e-01,2.955722639933e-01,1.185617982315e-01,1.394701709778e-02,1.000000000000e+00
7.047619047619e-01,2.952380952381e-01,1.182593672390e-01,1.409716016328e-02,1.000000000000e+00
7.050960735171e-01,2.949039264829e-01,1.179562024232e-01,1.424781033454e-02,1.000000000000e+00
7.054302422723e-01,2.945697577277e-01,1.176523032244e-01,1.439896864914e-02,1.000000000000e+00
7.057644110276e-01,2.942355889724e-01,1.173476690829e-01,1.455063614594e-02,1.000000000000e+00
7.060985797828e-01,2.939014202172e-01,1.170422994389e-01,1.470281386508e-02,1.000000000000e+00
7.064327485380e-01,2.935672514620e-01,1.167361937326e-01,1.485550284799e-02,1.000000000000e+00
7.067669172932e-01,2.932330827068e-01,1.164293514044e-01,1.500870413739e-02,1.000000000000e+00
7.071010860485e-01,2.928989139515e-01,1.161217718945e-01,1.516241877727e-02,1.000000000000e+00
7.074352548037e-01,2.925647451963e-01,1.158134546431e-01,1.531664781292e-02,1.000000000000e+00
7.077694235589e-01,2.922305764411e-01,1.155043990905e-01,1.547139229091e-02,1.000000000000e+00
7.081035923141e-01,2.918964076859e-01,1.151946046769e-01,1.562665325911e-02,1.000000000000e+00
7.084377610693e-01,2.915622389307e-01,1.148840708426e-01,1.578243176666e-02,1.000000000000e+00
7.087719298246e-01,2.912280701754e-01,1.145727970280e-01,1.593872886402e-02,1.000000000000e+00
7.091060985798e-01,2.908939014202e-01,1.142607826731e-01,1.609554560292e-02,1.000000000000e+00
7.094402673350e-01,2.905597326650e-01,1.139480272183e-01,1.625288303638e-02,1.000000000000e+00
7.097744360902e-01,2.902255639098e-01,1.136345301039e-01,1.641074221871e-02,1.000000000000e+00
7.101086048454e-01,2.898913951546e-01,1.133202907700e-01,1.656912420554e-02,1.000000000000e+00
7.104427736007e-01,2.895572263993e-01,1.130053086570e-01,1.672803005375e-02,1.000000000000e+00
7.107769423559e-01,2.892230576441e-01,1.126895832051e-01,1.688746082156e-02,1.000000000000e+00
7.111111111111e-01,2.888888888889e-01,1.123731138546e-01,1.704741756846e-02,1.000000000000e+00
7.114452798663e-01,2.885547201337e-01,1.120559000457e-01,1.720790135523e-02,1.000000000000e+00
7.117794486216e-01,2.882205513784e-01,1.117379412186e-01,1.736891324397e-02,1.000000000000e+00
7.121136173768e-01,2.878863826232e-01,1.114192368137e-01,1.753045429806e-02,1.000000000000e+00
7.124477861320e-01,2.875522138680e-01,1.110997862712e-01,1.769252558219e-02,1.000000000000e+00
7.127819548872e-01,2.872180451128e-01,1.107795890314e-01,1.785512816233e-02,1.000000000000e+00
7.131161236424e-01,2.868838763576e-01,1.104586445344e-01,1.801826310576e-02,1.000000000000e+00
7.134502923977e-01,2.865497076023e-01,1.101369522206e-01,1.818193148108e-02,1.000000000000e+00
7.137844611529e-01,2.862155388471e-01,1.098145115302e-01,1.834613435817e-02,1.000000000000e+00
7.141186299081e-01,2.858813700919e-01,1.094913219035e-01,1.851087280821e-02,1.000000000000e+00
7.144527986633e-01,2.855472013367e-01,1.091673827808e-01,1.867614790369e-02,1.000000000000e+00
7.147869674185e-01,2.852130325815e-01,1.088426936022e-01,1.884196071841e-02,1.000000000000e+00
7.151211361738e-01,2.848788638262e-01,1.085172538080e-01,1.900831232745e-02,1.000000000000e+00
7.154553049290e-01,2.845446950710e-01,1.081910628386e-01,1.917520380724e-02,1.000000000000e+00
7.157894736842e-01,2.842105263158e-01,1.078641201341e-01,1.934263623547e-02,1.000000000000e+00
7.161236424394e-01,2.838763575606e-01,1.075364251349e-01,1.951061069115e-02,1.000000000000e+00
7.164578111947e-01,2.835421888053e-01,1.072079772811e-01,1.967912825462e-02,1.000000000000e+00
7.167919799499e-01,2.832080200501e-01,1.068787760130e-01,1.984819000750e-02,1.000000000000e+00
7.171261487051e-01,2.828738512949e-01,1.065488207710e-01,2.001779703273e-02,1.000000000000e+00
7.174603174603e-01,2.825396825397e-01,1.062181109951e-01,2.018795041456e-02,1.000000000000e+00
7.177944862155e-01,2.822055137845e-01,1.058866461258e-01,2.035865123855e-02,1.000000000000e+00
7.181286549708e-01,2.818713450292e-01,1.055544256032e-01,2.052990059157e-02,1.000000000000e+00
7.184628237260e-01,2.815371762740e-01,1.052214488677e-01,2.070169956180e-02,1.000000000000e+00
7.187969924812e-01,2.812030075188e-01,1.048877153594e-01,2.087404923874e-02,1.000000000000e+00
7.191311612364e-01,2.808688387636e-01,1.045532245186e-01,2.104695071320e-02,1.000000000000e+00
7.194653299916e-01,2.805346700084e-01,1.042179757857e-01,2.122040507729e-02,1.000000000000e+00
7.197994987469e-01,2.802005012531e-01,1.038819686008e-01,2.139441342446e-02,1.000000000000e+00
7.201336675021e-01,2.798663324979e-01,1.035452024041e-01,2.156897684946e-02,1.000000000000e+00
7.204678362573e-01,2.795321637427e-01,1.032076766360e-01,2.174409644835e-02,1.000000000000e+00
7.208020050125e-01,2.791979949875e-01,1.028693907368e-01,2.191977331854e-02,1.000000000000e+00
7.211361737678e-01,2.788638262322e-01,1.025303441466e-01,2.209600855871e-02,1.000000000000e+00
7.214703425230e-01,2.785296574770e-01,1.021905363057e-01,2.227280326889e-02,1.000000000000e+00
7.218045112782e-01,2.781954887218e-01,1.018499666544e-01,2.245015855043e-02,1.000000000000e+00
7.221386800334e-01,2.778613199666e-01,1.015086346330e-01,2.262807550598e-02,1.000000000000e+00
7.224728487886e-01,2.775271512114e-01,1.011665396816e-01,2.280655523953e-02,1.000000000000e+00
7.228070175439e-01,2.771929824561e-01,1.008236812407e-01,2.298559885639e-02,1.000000000000e+00
7.231411862991e-01,2.768588137009e-01,1.004800587503e-01,2.316520746319e-02,1.000000000000e+00
7.234753550543e-01,2.765246449457e-01,1.001356716507e-01,2.334538216786e-02,1.000000000000e+00
7.238095238095e-01,2.761904761905e-01,9.979051938236e-02,2.352612407969e-02,1.000000000000e+00
7.241436925647e-01,2.758563074353e-01,9.944460138534e-02,2.370743430928e-02,1.000000000000e+00
7.244778613200e-01,2.755221386800e-01,9.909791709997e-02,2.388931396855e-02,1.000000000000e+00
7.248120300752e-01,2.751879699248e-01,9.875046596649e-02,2.407176417075e-02,1.000000000000e+00
7.251461988304e-01,2.748538011696e-01,9.840224742516e-02,2.425478603047e-02,1.000000000000e+00
7.254803675856e-01,2.745196324144e-01,9.805326091624e-02,2.443838066359e-02,1.000000000000e+00
7.258145363409e-01,2.741854636591e-01,9.770350587998e-02,2.462254918736e-02,1.000000000000e+00
7.261487050961e-01,2.738512949039e-01,9.735298175665e-02,2.480729272034e-02,1.000000000000e+00
7.264828738513e-01,2.735171261487e-01,9.700168798649e-02,2.499261238242e-02,1.000000000000e+00
7.268170426065e-01,2.731829573935e-01,9.664962400977e-02,2.517850929483e-02,1.000000000000e+00
7.271512113617e-01,2.728487886383e-01,9.629678926675e-02,2.536498458012e-02,1.000000000000e+00
7.274853801170e-01,2.725146198830e-01,9.594318319767e-02,2.555203936217e-02,1.000000000000e+00
7.278195488722e-01,2.721804511278e-01,9.558880524280e-02,2.573967476621e-02,1.000000000000e+00
7.281537176274e-01,2.718462823726e-01,9.523365484239e-02,2.592789191878e-02,1.000000000000e+00
7.284878863826e-01,2.715121136174e-01,9.487773143670e-02,2.611669194778e-02,1.000000000000e+00
7.288220551378e-01,2.711779448622e-01,9.452103446599e-02,2.630607598243e-02,1.000000000000e+00
7.291562238931e-01,2.708437761069e-01,9.416356337051e-02,2.649604515329e-02,1.000000000000e+00
7.294903926483e-01,2.705096073517e-01,9.380531759052e-02,2.668660059224e-02,1.000000000000e+00
7.298245614035e-01,2.701754385965e-01,9.344629656628e-02,2.687774343253e-02,1.000000000000e+00
7.301587301587e-01,2.698412698413e-01,9.308649973805e-02,2.706947480873e-02,1.000000000000e+00
7.304928989140e-01,2.695071010860e-01,9.272592654607e-02,2.726179585674e-02,1.000000000000e+00
7.308270676692e-01,2.691729323308e-01,9.236457643062e-02,2.745470771380e-02,1.000000000000e+00
7.311612364244e-01,2.688387635756e-01,9.200244883194e-02,2.764821151853e-02,1.000000000000e+00
7.314954051796e-01,2.685045948204e-01,9.163954319029e-02,2.784230841083e-02,1.000000000000e+00
7.318295739348e-01,2.681704260652e-01,9.127585894592e-02,2.803699953199e-02,1.000000000000e+00
7.321637426901e-01,2.678362573099e-01,9.091139553911e-02,2.823228602461e-02,1.000000000000e+00
7.324979114453e-01,2.675020885547e-01,9.054615241009e-02,2.842816903267e-02,1.000000000000e+00
7.328320802005e-01,2.671679197995e-01,9.018012899914e-02,2.862464970145e-02,1.000000000000e+00
7.331662489557e-01,2.668337510443e-01,8.981332474650e-02,2.882172917762e-02,1.000000000000e+00
7.335004177109e-01,2.664995822891e-01,8.944573909243e-02,2.901940860915e-02,1.000000000000e+00
7.338345864662e-01,2.661654135338e-01,8.907737147720e-02,2.921768914539e-02,1.000000000000e+00
7.341687552214e-01,2.658312447786e-01,8.870822134105e-02,2.941657193703e-02,1.000000000000e+00
7.345029239766e-01,2.654970760234e-01,8.833828812424e-02,2.961605813610e-02,1.000000000000e+00
7.348370927318e-01,2.651629072682e-01,8.796757126703e-02,2.981614889599e-02,1.000000000000e+00
7.351712614871e-01,2.648287385129e-01,8.759607020969e-02,3.001684537142e-02,1.000000000000e+00
7.355054302423e-01,2.644945697577e-01,8.722378439245e-02,3.021814871848e-02,1.000000000000e+00
7.358395989975e-01,2.641604010025e-01,8.685071325559e-02,3.042006009460e-02,1.000000000000e+00
7.361737677527e-01,2.638262322473e-01,8.647685623935e-02,3.062258065857e-02,1.000000000000e+00
7.365079365079e-01,2.634920634921e-01,8.610221278400e-02,3.082571157052e-02,1.000000000000e+00
7.368421052632e-01,2.631578947368e-01,8.572678232979e-02,3.102945399194e-02,1.000000000000e+00
7.371762740184e-01,2.628237259816e-01,8.535056431697e-02,3.123380908569e-02,1.000000000000e+00
7.375104427736e-01,2.624895572264e-01,8.497355818582e-02,3.143877801595e-02,1.000000000000e+00
7.378446115288e-01,2.621553884712e-01,8.459576337657e-02,3.164436194829e-02,1.000000000000e+00
7.381787802840e-01,2.618212197160e-01,8.421717932949e-02,3.185056204961e-02,1.000000000000e+00
7.385129490393e-01,2.614870509607e-01,8.383780548484e-02,3.205737948818e-02,1.000000000000e+00
7.388471177945e-01,2.611528822055e-01,8.345764128287e-02,3.226481543362e-02,1.000000000000e+00
7.391812865497e-01,2.608187134503e-01,8.307668616384e-02,3.247287105693e-02,1.000000000000e+00
7.395154553049e-01,2.604845446951e-01,8.269493956801e-02,3.268154753043e-02,1.000000000000e+00
7.398496240602e-01,2.601503759398e-01,8.231240093563e-02,3.289084602784e-02,1.000000000000e+00
7.401837928154e-01,2.598162071846e-01,8.192906970696e-02,3.310076772421e-02,1.000000000000e+00
7.405179615706e-01,2.594820384294e-01,8.154494532226e-02,3.331131379598e-02,1.000000000000e+00
7.408521303258e-01,2.591478696742e-01,8.116002722178e-02,3.352248542092e-02,1.000000000000e+00
7.411862990810e-01,2.588137009190e-01,8.077431484578e-02,3.373428377819e-02,1.000000000000e+00
7.415204678363e-01,2.584795321637e-01,8.038780763452e-02,3.394671004830e-02,1.000000000000e+00
7.418546365915e-01,2.581453634085e-01,8.000050502825e-02,3.415976541312e-02,1.000000000000e+00
7.421888053467e-01,2.578111946533e-01,7.961240646723e-02,3.437345105591e-02,1.000000000000e+00
7.425229741019e-01,2.574770258981e-01,7.922351139173e-02,3.458776816126e-02,1.000000000000e+00
7.428571428571e-01,2.571428571429e-01,7.883381924198e-02,3.480271791515e-02,1.000000000000e+00
7.431913116124e-01,2.568086883876e-01,7.844332945826e-02,3.501830150494e-02,1.000000000000e+00
7.435254803676e-01,2.564745196324e-01,7.805204148082e-02,3.523452011931e-02,1.000000000000e+00
7.438596491228e-01,2.561403508772e-01,7.765995474991e-02,3.545137494836e-02,1.000000000000e+00
7.441938178780e-01,2.558061821220e-01,7.726706870579e-02,3.566886718354e-02,1.000000000000e+00
7.445279866332e-01,2.554720133668e-01,7.687338278873e-02,3.588699801766e-02,1.000000000000e+00
7.448621553885e-01,2.551378446115e-01,7.647889643897e-02,3.610576864492e-02,1.000000000000e+00
7.451963241437e-01,2.548036758563e-01,7.608360909677e-02,3.632518026087e-02,1.000000000000e+00
7.455304928989e-01,2.544695071011e-01,7.568752020239e-02,3.654523406245e-02,1.000000000000e+00
7.458646616541e-01,2.541353383459e-01,7.529062919609e-02,3.676593124797e-02,1.000000000000e+00
7.461988304094e-01,2.538011695906e-01,7.489293551812e-02,3.698727301712e-02,1.000000000000e+00
7.465329991646e-01,2.534670008354e-01,7.449443860874e-02,3.720926057094e-02,1.000000000000e+00
7.468671679198e-01,2.531328320802e-01,7.409513790821e-02,3.743189511188e-02,1.000000000000e+00
7.472013366750e-01,2.527986633250e-01,7.369503285679e-02,3.765517784374e-02,1.000000000000e+00
7.475355054302e-01,2.524644945698e-01,7.329412289472e-02,3.787910997171e-02,1.000000000000e+00
7.478696741855e-01,2.521303258145e-01,7.289240746227e-02,3.810369270235e-02,1.000000000000e+00
7.482038429407e-01,2.517961570593e-01,7.248988599970e-02,3.832892724361e-02,1.000000000000e+00
7.485380116959e-01,2.514619883041e-01,7.208655794725e-02,3.855481480481e-02,1.000000000000e+00
7.488721804511e-01,2.511278195489e-01,7.168242274520e-02,3.878135659665e-02,1.000000000000e+00
7.492063492063e-01,2.507936507937e-01,7.127747983379e-02,3.900855383121e-02,1.000000000000e+00
7.495405179616e-01,2.504594820384e-01,7.087172865328e-02,3.923640772197e-02,1.000000000000e+00
7.498746867168e-01,2.501253132832e-01,7.046516864394e-02,3.946491948376e-02,1.000000000000e+00
7.502088554720e-01,2.497911445280e-01,7.005779924600e-02,3.969409033282e-02,1.000000000000e+00
7.505430242272e-01,2.494569757728e-01,6.964961989974e-02,3.992392148676e-02,1.000000000000e+00
7.508771929825e-01,2.491228070175e-01,6.924063004541e-02,4.015441416459e-02,1.000000000000e+00
7.512113617377e-01,2.487886382623e-01,6.883082912327e-02,4.038556958668e-02,1.000000000000e+00
7.515455304929e-01,2.484544695071e-01,6.842021657357e-02,4.061738897480e-02,1.000000000000e+00
7.518796992481e-01,2.481203007519e-01,6.800879183656e-02,4.084987355212e-02,1.000000000000e+00
7.522138680033e-01,2.477861319967e-01,6.759655435252e-02,4.108302454318e-02,1.000000000000e+00
7.525480367586e-01,2.474519632414e-01,6.718350356169e-02,4.131684317391e-02,1.000000000000e+00
7.528822055138e-01,2.471177944862e-01,6.676963890433e-02,4.155133067164e-02,1.000000000000e+00
7.532163742690e-01,2.467836257310e-01,6.635495982070e-02,4.178648826508e-02,1.000000000000e+00
7.535505430242e-01,2.464494569758e-01,6.593946575105e-02,4.202231718432e-02,1.000000000000e+00
7.538847117794e-01,2.461152882206e-01,6.552315613564e-02,4.225881866087e-02,1.000000000000e+00
7.542188805347e-01,2.457811194653e-01,6.510603041473e-02,4.249599392762e-02,1.000000000000e+00
7.545530492899e-01,2.454469507101e-01,6.468808802857e-02,4.273384421883e-02,1.000000000000e+00
7.548872180451e-01,2.451127819549e-01,6.426932841743e-02,4.297237077019e-02,1.000000000000e+00
7.552213868003e-01,2.447786131997e-01,6.384975102156e-02,4.321157481876e-02,1.000000000000e+00
7.555555555556e-01,2.444444444444e-01,6.342935528121e-02,4.345145760301e-02,1.000000000000e+00
7.558897243108e-01,2.441102756892e-01,6.300814063664e-02,4.369202036279e-02,1.000000000000e+00
7.562238930660e-01,2.437761069340e-01,6.258610652811e-02,4.393326433935e-02,1.000000000000e+00
7.565580618212e-01,2.434419381788e-01,6.216325239588e-02,4.417519077536e-02,1.000000000000e+00
7.568922305764e-01,2.431077694236e-01,6.173957768020e-02,4.441780091486e-02,1.000000000000e+00
7.572263993317e-01,2.427736006683e-01,6.131508182133e-02,4.466109600331e-02,1.000000000000e+00
7.575605680869e-01,2.424394319131e-01,6.088976425953e-02,4.490507728754e-02,1.000000000000e+00
7.578947368421e-01,2.421052631579e-01,6.046362443505e-02,4.514974601581e-02,1.000000000000e+00
7.582289055973e-01,2.417710944027e-01,6.003666178815e-02,4.539510343777e-02,1.000000000000e+00
7.585630743525e-01,2.414369256475e-01,5.960887575909e-02,4.564115080448e-02,1.000000000000e+00
7.588972431078e-01,2.411027568922e-01,5.918026578812e-02,4.588788936838e-02,1.000000000000e+00
7.592314118630e-01,2.407685881370e-01,5.875083131550e-02,4.613532038334e-02,1.000000000000e+00
7.595655806182e-01,2.404344193818e-01,5.832057178149e-02,4.638344510462e-02,1.000000000000e+00
7.598997493734e-01,2.401002506266e-01,5.788948662635e-02,4.663226478889e-02,1.000000000000e+00
7.602339181287e-01,2.397660818713e-01,5.745757529032e-02,4.688178069422e-02,1.000000000000e+00
7.605680868839e-01,2.394319131161e-01,5.702483721368e-02,4.713199408009e-02,1.000000000000e+00
7.609022556391e-01,2.390977443609e-01,5.659127183667e-02,4.738290620738e-02,1.000000000000e+00
7.612364243943e-01,2.387635756057e-01,5.615687859955e-02,4.763451833840e-02,1.000000000000e+00
7.615705931495e-01,2.384294068505e-01,5.572165694258e-02,4.788683173684e-02,1.000000000000e+00
7.619047619048e-01,2.380952380952e-01,5.528560630601e-02,4.813984766782e-02,1.000000000000e+00
7.622389306600e-01,2.377610693400e-01,5.484872613011e-02,4.839356739786e-02,1.000000000000e+00
7.625730994152e-01,2.374269005848e-01,5.441101585513e-02,4.864799219489e-02,1.000000000000e+00
7.629072681704e-01,2.370927318296e-01,5.397247492133e-02,4.890312332827e-02,1.000000000000e+00
7.632414369256e-01,2.367585630744e-01,5.353310276895e-02,4.915896206873e-02,1.000000000000e+00
7.635756056809e-01,2.364243943191e-01,5.309289883827e-02,4.941550968847e-02,1.000000000000e+00
7.639097744361e-01,2.360902255639e-01,5.265186256953e-02,4.967276746106e-02,1.000000000000e+00
7.642439431913e-01,2.357560568087e-01,5.220999340300e-02,4.993073666150e-02,1.000000000000e+00
7.645781119465e-01,2.354218880535e-01,5.176729077893e-02,5.018941856620e-02,1.000000000000e+00
7.649122807018e-01,2.350877192982e-01,5.132375413758e-02,5.044881445301e-02,1.000000000000e+00
7.652464494570e-01,2.347535505430e-01,5.087938291920e-02,5.070892560115e-02,1.000000000000e+00
7.655806182122e-01,2.344193817878e-01,5.043417656405e-02,5.096975329131e-02,1.000000000000e+00
7.659147869674e-01,2.340852130326e-01,4.998813451239e-02,5.123129880556e-02,1.000000000000e+00
7.662489557226e-01,2.337510442774e-01,4.954125620447e-02,5.149356342741e-02,1.000000000000e+00
7.665831244779e-01,2.334168755221e-01,4.909354108055e-02,5.175654844177e-02,1.000000000000e+00
7.669172932331e-01,2.330827067669e-01,4.864498858090e-02,5.202025513500e-02,1.000000000000e+00
7.672514619883e-01,2.327485380117e-01,4.819559814576e-02,5.228468479486e-02,1.000000000000e+00
7.675856307435e-01,2.324143692565e-01,4.774536921539e-02,5.254983871053e-02,1.000000000000e+00
7.679197994987e-01,2.320802005013e-01,4.729430123005e-02,5.281571817262e-02,1.000000000000e+00
7.682539682540e-01,2.317460317460e-01,4.684239363000e-02,5.308232447317e-02,1.000000000000e+00
7.685881370092e-01,2.314118629908e-01,4.638964585549e-02,5.334965890564e-02,1.000000000000e+00
7.689223057644e-01,2.310776942356e-01,4.593605734678e-02,5.361772276490e-02,1.000000000000e+00
7.692564745196e-01,2.307435254804e-01,4.548162754412e-02,5.388651734727e-02,1.000000000000e+00
7.695906432749e-01,2.304093567251e-01,4.502635588778e-02,5.415604395049e-02,1.000000000000e+00
7.699248120301e-01,2.300751879699e-01,4.457024181801e-02,5.442630387371e-02,1.000000000000e+00
7.702589807853e-01,2.297410192147e-01,4.411328477507e-02,5.469729841752e-02,1.000000000000e+00
7.705931495405e-01,2.294068504595e-01,4.365548419921e-02,5.496902888395e-02,1.000000000000e+00
7.709273182957e-01,2.290726817043e-01,4.319683953069e-02,5.524149657645e-02,1.000000000000e+00
7.712614870510e-01,2.287385129490e-01,4.273735020977e-02,5.551470279989e-02,1.000000000000e+00
7.715956558062e-01,2.284043441938e-01,4.227701567670e-02,5.578864886058e-02,1.000000000000e+00
7.719298245614e-01,2.280701754386e-01,4.181583537175e-02,5.606333606628e-02,1.000000000000e+00
7.722639933166e-01,2.277360066834e-01,4.135380873516e-02,5.633876572615e-02,1.000000000000e+00
7.725981620718e-01,2.274018379282e-01,4.089093520720e-02,5.661493915080e-02,1.000000000000e+00
7.729323308271e-01,2.270676691729e-01,4.042721422812e-02,5.689185765228e-02,1.000000000000e+00
7.732664995823e-01,2.267335004177e-01,3.996264523818e-02,5.716952254406e-02,1.000000000000e+00
7.736006683375e-01,2.263993316625e-01,3.949722767763e-02,5.744793514106e-02,1.000000000000e+00
7.739348370927e-01,2.260651629073e-01,3.903096098674e-02,5.772709675963e-02,1.000000000000e+00
7.742690058480e-01,2.257309941520e-01,3.856384460576e-02,5.800700871755e-02,1.000000000000e+00
7.746031746032e-01,2.253968253968e-01,3.809587797494e-02,5.828767233405e-02,1.000000000000e+00
7.749373433584e-01,2.250626566416e-01,3.762706053455e-02,5.856908892979e-02,1.000000000000e+00
7.752715121136e-01,2.247284878864e-01,3.715739172483e-02,5.885125982688e-02,1.000000000000e+00
7.756056808688e-01,2.243943191312e-01,3.668687098606e-02,5.913418634886e-02,1.000000000000e+00
7.759398496241e-01,2.240601503759e-01,3.621549775847e-02,5.941786982071e-02,1.000000000000e+00
7.762740183793e-01,2.237259816207e-01,3.574327148234e-02,5.970231156886e-02,1.000000000000e+00
7.766081871345e-01,2.233918128655e-01,3.527019159791e-02,5.998751292118e-02,1.000000000000e+00
7.769423558897e-01,2.230576441103e-01,3.479625754545e-02,6.027347520698e-02,1.000000000000e+00
7.772765246449e-01,2.227234753551e-01,3.432146876521e-02,6.056019975700e-02,1.000000000000e+00
7.776106934002e-01,2.223893065998e-01,3.384582469745e-02,6.084768790346e-02,1.000000000000e+00
7.779448621554e-01,2.220551378446e-01,3.336932478242e-02,6.113594098000e-02,1.000000000000e+00
7.782790309106e-01,2.217209690894e-01,3.289196846039e-02,6.142496032170e-02,1.000000000000e+00
7.786131996658e-01,2.213868003342e-01,3.241375517160e-02,6.171474726511e-02,1.000000000000e+00
7.789473684211e-01,2.210526315789e-01,3.193468435632e-02,6.200530314822e-02,1.000000000000e+00
7.792815371763e-01,2.207184628237e-01,3.145475545480e-02,6.229662931045e-02,1.000000000000e+00
7.796157059315e-01,2.203842940685e-01,3.097396790730e-02,6.258872709269e-02,1.000000000000e+00
7.799498746867e-01,2.200501253133e-01,3.049232115408e-02,6.288159783727e-02,1.000000000000e+00
7.802840434419e-01,2.197159565581e-01,3.000981463539e-02,6.317524288797e-02,1.000000000000e+00
7.806182121972e-01,2.193817878028e-01,2.952644779148e-02,6.346966359004e-02,1.000000000000e+00
7.809523809524e-01,2.190476190476e-01,2.904222006263e-02,6.376486129016e-02,1.000000000000e+00
7.812865497076e-01,2.187134502924e-01,2.855713088908e-02,6.406083733646e-02,1.000000000000e+00
7.816207184628e-01,2.183792815372e-01,2.807117971108e-02,6.435759307855e-02,1.000000000000e+00
7.819548872180e-01,2.180451127820e-01,2.758436596891e-02,6.465512986747e-02,1.000000000000e+00
7.822890559733e-01,2.177109440267e-01,2.709668910281e-02,6.495344905572e-02,1.000000000000e+00
7.826232247285e-01,2.173767752715e-01,2.660814855304e-02,6.525255199726e-02,1.000000000000e+00
7.829573934837e-01,2.170426065163e-01,2.611874375986e-02,6.555244004752e-02,1.000000000000e+00
7.832915622389e-01,2.167084377611e-01,2.562847416352e-02,6.585311456335e-02,1.000000000000e+00
7.836257309942e-01,2.163742690058e-01,2.513733920429e-02,6.615457690310e-02,1.000000000000e+00
7.839598997494e-01,2.160401002506e-01,2.464533832241e-02,6.645682842655e-02,1.000000000000e+00
7.842940685046e-01,2.157059314954e-01,2.415247095815e-02,6.675987049495e-02,1.000000000000e+00
7.846282372598e-01,2.153717627402e-01,2.365873655175e-02,6.706370447102e-02,1.000000000000e+00
7.849624060150e-01,2.150375939850e-01,2.316413454349e-02,6.736833171892e-02,1.000000000000e+00
7.852965747703e-01,2.147034252297e-01,2.266866437362e-02,6.767375360429e-02,1.000000000000e+00
7.856307435255e-01,2.143692564745e-01,2.217232548238e-02,6.797997149422e-02,1.000000000000e+00
7.859649122807e-01,2.140350877193e-01,2.167511731005e-02,6.828698675728e-02,1.000000000000e+00
7.862990810359e-01,2.137009189641e-01,2.117703929687e-02,6.859480076348e-02,1.000000000000e+00
7.866332497911e-01,2.133667502089e-01,2.067809088311e-02,6.890341488432e-02,1.000000000000e+00
7.869674185464e-01,2.130325814536e-01,2.017827150901e-02,6.921283049275e-02,1.000000000000e+00
7.873015873016e-01,2.126984126984e-01,1.967758061484e-02,6.952304896318e-02,1.000000000000e+00
7.876357560568e-01,2.123642439432e-01,1.917601764086e-02,6.983407167151e-02,1.000000000000e+00
7.879699248120e-01,2.120300751880e-01,1.867358202732e-02,7.014589999510e-02,1.000000000000e+00
7.883040935673e-01,2.116959064327e-01,1.817027321447e-02,7.045853531276e-02,1.000000000000e+00
7.886382623225e-01,2.113617376775e-01,1.766609064258e-02,7.077197900478e-02,1.000000000000e+00
7.889724310777e-01,2.110275689223e-01,1.716103375190e-02,7.108623245294e-02,1.000000000000e+00
7.893065998329e-01,2.106934001671e-01,1.665510198268e-02,7.140129704047e-02,1.000000000000e+00
7.896407685881e-01,2.103592314119e-01,1.614829477520e-02,7.171717415207e-02,1.000000000000e+00
7.899749373434e-01,2.100250626566e-01,1.564061156969e-02,7.203386517392e-02,1.000000000000e+00
7.903091060986e-01,2.096908939014e-01,1.513205180642e-02,7.235137149368e-02,1.000000000000e+00
7.906432748538e-01,2.093567251462e-01,1.462261492565e-02,7.266969450046e-02,1.000000000000e+00
7.909774436090e-01,2.090225563910e-01,1.411230036763e-02,7.298883558487e-02,1.000000000000e+00
7.913116123642e-01,2.086883876358e-01,1.360110757262e-02,7.330879613898e-02,1.000000000000e+00
7.916457811195e-01,2.083542188805e-01,1.308903598087e-02,7.362957755635e-02,1.000000000000e+00
7.919799498747e-01,2.080200501253e-01,1.257608503265e-02,7.395118123201e-02,1.000000000000e+00
7.923141186299e-01,2.076858813701e-01,1.206225416821e-02,7.427360856245e-02,1.000000000000e+00
7.926482873851e-01,2.073517126149e-01,1.154754282780e-02,7.459686094567e-02,1.000000000000e+00
7.929824561404e-01,2.070175438596e-01,1.103195045169e-02,7.492093978113e-02,1.000000000000e+00
7.933166248956e-01,2.066833751044e-01,1.051547648013e-02,7.524584646977e-02,1.000000000000e+00
7.936507936508e-01,2.063492063492e-01,9.998120353374e-03,7.557158241401e-02,1.000000000000e+00
7.939849624060e-01,2.060150375940e-01,9.479881511682e-03,7.589814901777e-02,1.000000000000e+00
7.943191311612e-01,2.056808688388e-01,8.960759395312e-03,7.622554768642e-02,1.000000000000e+00
7.946532999165e-01,2.053467000835e-01,8.440753444520e-03,7.655377982684e-02,1.000000000000e+00
7.949874686717e-01,2.050125313283e-01,7.919863099561e-03,7.688284684739e-02,1.000000000000e+00
7.953216374269e-01,2.046783625731e-01,7.398087800695e-03,7.721275015790e-02,1.000000000000e+00
7.956558061821e-01,2.043441938179e-01,6.875426988176e-03,7.754349116970e-02,1.000000000000e+00
7.959899749373e-01,2.040100250627e-01,6.351880102263e-03,7.787507129559e-02,1.000000000000e+00
7.963241436926e-01,2.036758563074e-01,5.827446583212e-03,7.820749194988e-02,1.000000000000e+00
7.966583124478e-01,2.033416875522e-01,5.302125871279e-03,7.854075454834e-02,1.000000000000e+00
7.969924812030e-01,2.030075187970e-01,4.775917406723e-03,7.887486050825e-02,1.000000000000e+00
7.973266499582e-01,2.026733500418e-01,4.248820629798e-03,7.920981124836e-02,1.000000000000e+00
7.976608187135e-01,2.023391812865e-01,3.720834980764e-03,7.954560818894e-02,1.000000000000e+00
7.979949874687e-01,2.020050125313e-01,3.191959899875e-03,7.988225275171e-02,1.000000000000e+00
7.983291562239e-01,2.016708437761e-01,2.662194827390e-03,8.021974635992e-02,1.000000000000e+00
7.986633249791e-01,2.013366750209e-01,2.131539203564e-03,8.055809043828e-02,1.000000000000e+00
7.989974937343e-01,2.010025062657e-01,1.599992468656e-03,8.089728641301e-02,1.000000000000e+00
7.993316624896e-01,2.006683375104e-01,1.067554062921e-03,8.123733571182e-02,1.000000000000e+00
7.996658312448e-01,2.003341687552e-01,5.342234266168e-04,8.157823976392e-02,1.000000000000e+00
8.000000000000e-01,2.000000000000e-01,0.000000000000e+00,8.192000000000e-02,1.000000000000e+00
